mid,uid,title,content,music_title,music_artist,date
6,11,test1,NULL,NULL,NULL,"2016-01-12 06:31:19"
7,11,test2,NULL,NULL,NULL,"2016-01-12 06:31:23"
8,11,test3,NULL,NULL,NULL,"2016-01-12 06:31:26"
9,10,test4,NULL,NULL,NULL,"2016-01-12 06:31:30"
10,10,test5,NULL,NULL,NULL,"2016-01-12 06:31:32"
11,10,test6,NULL,NULL,NULL,"2016-01-12 06:31:34"
15,16,1234,NULL,asdasdasds,NULL,"2016-01-13 22:55:00"
96,16,안녕하세요," "," "," ","2016-01-15 22:14:02"
111,20,드디어끝,"가디단에서 밤샘",넋,40,"2016-01-16 04:00:30"
112,20,아쉽다,"아쉽게 끝남!","Officially Missing You",긱스,"2016-01-16 04:09:16"
132,20,노노," "," "," ","2016-01-16 13:44:55"
176,16,안녕," "," "," ","2016-01-17 15:56:01"
191,46,추워,디지겟네," "," ","2016-01-19 05:35:33"
192,46,ㄹㄹㄹㄹㅇㅌㅌㅇㅇㅇ,무지," "," ","2016-01-19 05:36:13"
290,72,"늘 취업하기 전을 떠올리며 나태해지지"," "," "," ","2016-04-06 23:56:59"
292,73,^^♡," "," "," ","2016-04-12 02:22:15"
302,77,여수여행,"여수여행 진짜 재밌었다 다음엔 소중한 내 가족들이랑 가고싶다","인생의회전목마 (人生のメリ-ゴ-)","히사이시 조","2016-05-06 00:37:20"
304,79,"가족을 사랑하자"," ",겨울사랑,"더 원","2016-05-09 19:52:49"
310,81,"지빈이가 쌩쌩. 몰랑몰랑한 기분. 우"," "," "," ","2016-06-02 22:07:08"
311,81,"휴지통 완전 힐링웹툰"," "," "," ","2016-06-02 22:09:34"
316,83,"언니가 너무 보고싶다 짜증난다","언니가 너무 보고싶다 왜 안오지"," "," ","2016-06-11 20:05:09"
317,83,우어ㅓ," "," "," ","2016-06-11 20:05:26"
318,83,어야어," "," "," ","2016-06-11 20:05:37"
319,83,오어어ㅠㅇ유유," "," "," ","2016-06-11 20:05:43"
